{
  "kgram_mlp_seq": {
    "train": [
      [
        10.82155990600586,
        10.812768936157227,
        10.802092552185059,
        10.792623519897461,
        10.779887199401855,
        10.778681755065918,
        10.764558792114258,
        10.751313209533691,
        10.742289543151855,
        10.7327880859375
      ],
      [
        10.719660758972168,
        10.701504707336426,
        10.68917179107666,
        10.678988456726074,
        10.661436080932617,
        10.647431373596191,
        10.629164695739746,
        10.617240905761719,
        10.599437713623047,
        10.579815864562988
      ],
      [
        10.55101203918457,
        10.542949676513672,
        10.526103973388672,
        10.4949369430542,
        10.47121810913086,
        10.45124626159668,
        10.432146072387695,
        10.407888412475586,
        10.377930641174316,
        10.345611572265625
      ]
    ],
    "test": [
      [
        10.716435432434082,
        10.714311599731445,
        10.71873664855957,
        10.720308303833008,
        10.711913108825684,
        10.72058391571045,
        10.723533630371094,
        10.714311599731445,
        10.712560653686523,
        10.713484764099121,
        10.716710090637207,
        10.720210075378418,
        10.719660758972168,
        10.718461036682129,
        10.719660758972168,
        10.715510368347168,
        10.715234756469727,
        10.717634201049805,
        10.718735694885254,
        10.707618713378906
      ],
      [
        10.559406280517578,
        10.554999351501465,
        10.555418014526367,
        10.553740501403809,
        10.553740501403809,
        10.55877685546875,
        10.559195518493652,
        10.562344551086426,
        10.55877685546875,
        10.555838584899902,
        10.555418014526367,
        10.559195518493652,
        10.562554359436035,
        10.55332088470459,
        10.556468963623047,
        10.555418968200684,
        10.558985710144043,
        10.555209159851074,
        10.559615135192871,
        10.5548734664917
      ],
      [
        10.31584358215332,
        10.317107200622559,
        10.322261810302734,
        10.319838523864746,
        10.315740585327148,
        10.318267822265625,
        10.318060874938965,
        10.318575859069824,
        10.321101188659668,
        10.314478874206543,
        10.315739631652832,
        10.321101188659668,
        10.32257080078125,
        10.314374923706055,
        10.317416191101074,
        10.318163871765137,
        10.313111305236816,
        10.32004451751709,
        10.315740585327148,
        10.320854187011719
      ]
    ]
  },
  "lstm_seq": {
    "train": [
      [
        10.82886791229248,
        10.774981498718262,
        10.728161811828613,
        10.694615364074707,
        10.63185977935791,
        10.570487976074219,
        10.523970603942871,
        10.491172790527344,
        10.374117851257324,
        10.342645645141602
      ],
      [
        10.266948699951172,
        10.210343360900879,
        10.140410423278809,
        10.029854774475098,
        9.915752410888672,
        9.807682991027832,
        9.687727928161621,
        9.568889617919922,
        9.377720832824707,
        9.093425750732422
      ],
      [
        8.850085258483887,
        8.56321907043457,
        8.28968334197998,
        8.017562866210938,
        7.717913627624512,
        7.441400527954102,
        7.123318672180176,
        6.807316303253174,
        6.511821746826172,
        6.21579122543335
      ]
    ],
    "test": [
      [
        10.264326095581055,
        10.302600860595703,
        10.267605781555176,
        10.322721481323242,
        10.294179916381836,
        10.276681900024414,
        10.275370597839355,
        10.295490264892578,
        10.285758018493652,
        10.276026725769043,
        10.285758972167969,
        10.31495475769043,
        10.277994155883789,
        10.285758972167969,
        10.287725448608398,
        10.283790588378906,
        10.3240327835083,
        10.267605781555176,
        10.229331016540527,
        10.289935111999512
      ],
      [
        8.850085258483887,
        8.852255821228027,
        8.861784934997559,
        8.878911972045898,
        8.853340148925781,
        8.832109451293945,
        8.81715202331543,
        8.868297576904297,
        8.887356758117676,
        8.855509757995605,
        8.828853607177734,
        8.901228904724121,
        8.8895263671875,
        8.850085258483887,
        8.851168632507324,
        8.812810897827148,
        8.839468002319336,
        8.87348461151123,
        8.87348461151123,
        8.85502815246582
      ],
      [
        5.911583423614502,
        5.915232181549072,
        5.916815757751465,
        5.91681432723999,
        5.9104838371276855,
        5.921196937561035,
        5.917181491851807,
        5.9155988693237305,
        5.91681432723999,
        5.915598392486572,
        5.918031692504883,
        5.912433624267578,
        5.909634590148926,
        5.921197891235352,
        5.909634113311768,
        5.914381980895996,
        5.925578594207764,
        5.915232181549072,
        5.919614315032959,
        5.9017229080200195
      ]
    ]
  },
  "kvcache_transformer": {
    "train": [
      [
        10.974218368530273,
        10.092690467834473,
        9.365885734558105,
        8.808571815490723,
        8.22524642944336,
        7.906412601470947,
        7.249054431915283,
        6.7362060546875,
        6.415992259979248,
        6.237030506134033
      ],
      [
        5.804356575012207,
        5.4503254890441895,
        5.082903861999512,
        4.780431270599365,
        4.645206451416016,
        4.377307415008545,
        4.140118598937988,
        3.914821147918701,
        3.641040325164795,
        3.4061949253082275
      ],
      [
        3.1574723720550537,
        2.957780599594116,
        2.7517995834350586,
        2.584714651107788,
        2.354585886001587,
        2.1746232509613037,
        1.977007508277893,
        1.8270037174224854,
        1.6668896675109863,
        1.5247156620025635
      ]
    ],
    "test": [
      [
        5.721663475036621,
        5.833773136138916,
        5.804356575012207,
        5.950133323669434,
        5.794552326202393,
        5.748301982879639,
        5.668385982513428,
        5.721663475036621,
        5.913689613342285,
        5.748301982879639,
        5.721663475036621,
        5.685219764709473,
        5.655803680419922,
        5.751079559326172,
        5.89685583114624,
        5.765135288238525,
        5.906661510467529,
        5.89685583114624,
        5.814162254333496,
        5.598897933959961
      ],
      [
        3.155118942260742,
        3.174426317214966,
        3.1716976165771484,
        3.191004753112793,
        3.1614296436309814,
        3.1783833503723145,
        3.1507866382598877,
        3.1527650356292725,
        3.1527650356292725,
        3.155118942260742,
        3.1677401065826416,
        3.1547439098358154,
        3.1507866382598877,
        3.1783831119537354,
        3.174426317214966,
        3.1697189807891846,
        3.1681153774261475,
        3.1531403064727783,
        3.155118942260742,
        3.1407439708709717
      ],
      [
        1.3770238161087036,
        1.3537479639053345,
        1.414139747619629,
        1.3436826467514038,
        1.3480861186981201,
        1.3550060987472534,
        1.4028164148330688,
        1.338020920753479,
        1.355635404586792,
        1.367587685585022,
        1.3493443727493286,
        1.3839439153671265,
        1.3669586181640625,
        1.3487153053283691,
        1.3304718732833862,
        1.3367626667022705,
        1.3782819509506226,
        1.378282070159912,
        1.3430534601211548,
        1.3916187286376953
      ]
    ]
  }
}