{
  "kgram_mlp_seq": {
    "train": [
      [
        10.872331619262695,
        10.71352481842041,
        10.555350303649902,
        10.401335716247559,
        10.2772855758667,
        10.09692668914795,
        9.949226379394531,
        9.764017105102539,
        9.615472793579102,
        9.41239070892334
      ],
      [
        9.206104278564453,
        9.01218318939209,
        8.719944953918457,
        8.496387481689453,
        8.204352378845215,
        7.9611735343933105,
        7.771224498748779,
        7.455892562866211,
        7.070469856262207,
        6.652486324310303
      ],
      [
        6.321591377258301,
        6.13701057434082,
        5.644969463348389,
        5.2737932205200195,
        4.772976875305176,
        4.384288311004639,
        4.043880939483643,
        3.6228458881378174,
        3.2205557823181152,
        2.871960163116455
      ]
    ],
    "test": [
      [
        9.22933292388916,
        9.21318531036377,
        9.187407493591309,
        9.257657051086426,
        9.194490432739258,
        9.1964750289917,
        9.217719078063965,
        9.164179801940918,
        9.255108833312988,
        9.217719078063965,
        9.236414909362793,
        9.273805618286133,
        9.224799156188965,
        9.187408447265625,
        9.210637092590332,
        9.269270896911621,
        9.236413955688477,
        9.201571464538574,
        9.199023246765137,
        9.255109786987305,
        9.171259880065918,
        9.09780216217041
      ],
      [
        6.3472466468811035,
        6.309879302978516,
        6.384613037109375,
        6.521251201629639,
        6.4710564613342285,
        6.409152030944824,
        6.3472466468811035,
        6.272513389587402,
        6.433690071105957,
        6.3963236808776855,
        6.420862197875977,
        6.495595455169678,
        6.3963236808776855,
        6.29817008972168,
        6.409151554107666,
        6.558618068695068,
        6.423097133636475,
        6.409151554107666,
        6.309879779815674,
        6.29817008972168,
        6.434807777404785,
        6.718676567077637
      ],
      [
        2.289308786392212,
        2.323430299758911,
        2.4321765899658203,
        2.3575518131256104,
        2.4321765899658203,
        2.2530601024627686,
        2.289308786392212,
        2.3618063926696777,
        2.4321765899658203,
        2.2551872730255127,
        2.1485681533813477,
        2.3575518131256104,
        2.536668300628662,
        2.3596792221069336,
        2.2871813774108887,
        2.2871813774108887,
        2.3255574703216553,
        2.2551872730255127,
        2.4343039989471436,
        2.4321765899658203,
        2.3255574703216553,
        2.3603882789611816
      ]
    ]
  },
  "lstm_seq": {
    "train": [
      [
        10.843663215637207,
        10.785338401794434,
        10.73828411102295,
        10.690022468566895,
        10.644636154174805,
        10.580255508422852,
        10.520814895629883,
        10.47574520111084,
        10.400774002075195,
        10.338152885437012
      ],
      [
        10.255218505859375,
        10.206317901611328,
        10.15095329284668,
        10.028261184692383,
        9.93758487701416,
        9.82876968383789,
        9.692193984985352,
        9.558878898620605,
        9.403166770935059,
        9.196788787841797
      ],
      [
        8.971961975097656,
        8.718517303466797,
        8.436745643615723,
        8.157026290893555,
        7.889584064483643,
        7.572183132171631,
        7.269984722137451,
        6.987481117248535,
        6.658451557159424,
        6.345128059387207
      ]
    ],
    "test": [
      [
        10.277138710021973,
        10.274141311645508,
        10.294304847717285,
        10.290582656860352,
        10.251495361328125,
        10.29306411743164,
        10.287585258483887,
        10.266179084777832,
        10.26318073272705,
        10.288100242614746,
        10.279621124267578,
        10.27114200592041,
        10.266179084777832,
        10.251496315002441,
        10.25645923614502,
        10.259458541870117,
        10.269902229309082,
        10.267420768737793,
        10.270419120788574,
        10.264939308166504,
        10.270418167114258,
        10.26769733428955
      ],
      [
        8.96289348602295,
        8.964234352111816,
        8.963430404663086,
        8.955971717834473,
        8.963966369628906,
        8.955434799194336,
        8.955434799194336,
        8.964234352111816,
        8.996752738952637,
        8.979687690734863,
        8.97169303894043,
        8.963966369628906,
        8.9548978805542,
        8.947977066040039,
        8.963966369628906,
        8.963966369628906,
        8.98822021484375,
        8.963966369628906,
        8.955435752868652,
        8.971961975097656,
        8.947709083557129,
        8.96511173248291
      ],
      [
        6.054394245147705,
        6.036317348480225,
        6.036920070648193,
        6.040191650390625,
        6.037953853607178,
        6.046474933624268,
        6.046475410461426,
        6.033477306365967,
        6.027795791625977,
        6.03855562210083,
        6.033477783203125,
        6.038555145263672,
        6.036147117614746,
        6.043032169342041,
        6.046474933624268,
        6.031239032745361,
        6.050349712371826,
        6.040191650390625,
        6.040794849395752,
        6.059472560882568,
        6.026159286499023,
        6.029058456420898
      ]
    ]
  },
  "kvcache_transformer": {
    "train": [
      [
        11.066224098205566,
        9.96982479095459,
        9.179201126098633,
        8.529683113098145,
        7.9137701988220215,
        7.448975563049316,
        7.004310131072998,
        6.548138618469238,
        6.209426403045654,
        5.912907600402832
      ],
      [
        5.626553535461426,
        5.327908992767334,
        5.068277359008789,
        4.774622440338135,
        4.5953288078308105,
        4.404063701629639,
        4.170199394226074,
        3.9261069297790527,
        3.7503767013549805,
        3.541619300842285
      ],
      [
        3.2401599884033203,
        3.0646750926971436,
        2.943995237350464,
        2.6767072677612305,
        2.426003932952881,
        2.353987455368042,
        2.130059242248535,
        2.0525033473968506,
        1.9584870338439941,
        1.7205318212509155
      ]
    ],